university,projects
"Menoufia University",318
"Alexandria University",311
"Misr University for Science and Technology",308
"South Valley University",304
"Nile University",304
"Ain Shams University",293
"German University in Cairo",291
"Zagazig University",290
"Minia University",289
"Fayoum University",288
"Kafrelsheikh University",287
"Tanta University",283
"Beni-Suef University",282
"Ain Shams University - Shorouk Branch",282
"Benha University",281
"The American University in Cairo",280
"Cairo University",274
"Sohag University",268
"The University of Jordan",267
"Assiut University",263
"Suez Canal University",257
"Helwan University",252
"UIP Demo University",1
